Parent User,Parent Sex,Parent Sign,Parent Comment,Parent Time,Parent Location,Parent Level,Child User,Child Sex,Child Sign,Child Comment,Child Time,Child Location,Child Level
黄昏不见君,保密,,以点赞,57天前发布,IP属地：安徽,5,松鼠爱吃饼干,男,源码资料的可以加UP主vx：Luren188764【源码、学习路线图、电子书、软件】都会分享,回复 @黄昏不见君 :你好呀，私信你了_(:3」∠)_,57天前发布,IP属地：湖南,6
learn11,保密,,已点赞,25天前发布,IP属地：广东,3,松鼠爱吃饼干,男,源码资料的可以加UP主vx：Luren188764【源码、学习路线图、电子书、软件】都会分享,回复 @learn11 :同学你好呀，私信你了(=・ω・=),25天前发布,IP属地：湖南,6
BryanGarrett,保密,与火同进,已点赞[脱单doge],26天前发布,IP属地：河南,5,松鼠爱吃饼干,男,源码资料的可以加UP主vx：Luren188764【源码、学习路线图、电子书、软件】都会分享,回复 @BryanGarrett :同学你好呀， 私信你了(^・ω・^ ),26天前发布,IP属地：湖南,6
゚恭梓,保密,人生代代无穷已，江月年年望相似,已点赞三连，求,13小时前发布,IP属地：广东,6,松鼠爱吃饼干,男,源码资料的可以加UP主vx：Luren188764【源码、学习路线图、电子书、软件】都会分享,回复 @゚恭梓 :同学你好呀，私信你了(°∀°)ﾉ,8小时前发布,IP属地：湖南,6
修明英,男,一局一输赢，一生一生死,以点赞,17小时前发布,IP属地：江西,5,松鼠爱吃饼干,男,源码资料的可以加UP主vx：Luren188764【源码、学习路线图、电子书、软件】都会分享,回复 @修明英 :同学你好呀，私信你了（￣▽￣）,8小时前发布,IP属地：湖南,6
红矾Q,保密,,已点赞，投币，收藏,1天前发布,IP属地：湖北,5,松鼠爱吃饼干,男,源码资料的可以加UP主vx：Luren188764【源码、学习路线图、电子书、软件】都会分享,回复 @红矾Q :同学你好呀，私信你了(^・ω・^ ),10小时前发布,IP属地：湖南,6
向上的Li,男,,test,1天前发布,IP属地：安徽,6,松鼠爱吃饼干,男,源码资料的可以加UP主vx：Luren188764【源码、学习路线图、电子书、软件】都会分享,回复 @向上的Li :同学你好呀，私信你了（￣▽￣）,12小时前发布,IP属地：湖南,6
坤坤是鲲,保密,,已三联，求源码,1天前发布,IP属地：山西,5,松鼠爱吃饼干,男,源码资料的可以加UP主vx：Luren188764【源码、学习路线图、电子书、软件】都会分享,回复 @坤坤是鲲 :同学你好呀，私信你了_(:3」∠)_,14小时前发布,IP属地：湖南,6
SPCCCC,保密,,已点赞,2天前发布,IP属地：上海,5,松鼠爱吃饼干,男,源码资料的可以加UP主vx：Luren188764【源码、学习路线图、电子书、软件】都会分享,回复 @SPCCCC :同学你好呀，私信你了(〜￣△￣)〜,14小时前发布,IP属地：湖南,6
CaIminer,保密,,已三连，急需[委屈],2天前发布,IP属地：浙江,5,松鼠爱吃饼干,男,源码资料的可以加UP主vx：Luren188764【源码、学习路线图、电子书、软件】都会分享,回复 @CaIminer :同学你好呀，私信你了(｀・ω・´),14小时前发布,IP属地：湖南,6
抓拍生活,保密,,以点赞,2天前发布,IP属地：辽宁,6,松鼠爱吃饼干,男,源码资料的可以加UP主vx：Luren188764【源码、学习路线图、电子书、软件】都会分享,回复 @抓拍生活 :同学你呀，私信你了(^・ω・^ ),2天前发布,IP属地：湖南,6
酸奶味吐司蛋糕,保密,,已点赞,2天前发布,IP属地：辽宁,3,松鼠爱吃饼干,男,源码资料的可以加UP主vx：Luren188764【源码、学习路线图、电子书、软件】都会分享,回复 @酸奶味吐司蛋糕 :同学你好呀，私信你了(^・ω・^ ),2天前发布,IP属地：湖南,6
bili_85413603364,保密,,已点赞，求,3天前发布,IP属地：山西,4,松鼠爱吃饼干,男,源码资料的可以加UP主vx：Luren188764【源码、学习路线图、电子书、软件】都会分享,回复 @bili_85413603364 :同学你好呀，私信你了(｀・ω・´),2天前发布,IP属地：湖南,6
砂糖城,男,不想写还嫌我懒。。。,已点赞,3天前发布,IP属地：内蒙古,6,松鼠爱吃饼干,男,源码资料的可以加UP主vx：Luren188764【源码、学习路线图、电子书、软件】都会分享,回复 @砂糖城 :同学你好呀，私信你了(｀・ω・´),3天前发布,IP属地：湖南,6
pppp123sis,男,,已点赞,3天前发布,IP属地：山西,5,松鼠爱吃饼干,男,源码资料的可以加UP主vx：Luren188764【源码、学习路线图、电子书、软件】都会分享,回复 @pppp123sis :同学你好呀，私信你了(｀・ω・´),3天前发布,IP属地：湖南,6
羊之战神,男,,以点赞,3天前发布,IP属地：日本,5,松鼠爱吃饼干,男,源码资料的可以加UP主vx：Luren188764【源码、学习路线图、电子书、软件】都会分享,回复 @羊之战神 :同学你好呀，私信你了(>_>),3天前发布,IP属地：湖南,6
Archerit,女,没有希望就不会失望，没有羁绊就不会受伤,已三连，求代码[脱单doge],4天前发布,IP属地：湖北,4,松鼠爱吃饼干,男,源码资料的可以加UP主vx：Luren188764【源码、学习路线图、电子书、软件】都会分享,回复 @Archerit :同学你好呀，私信你了(^・ω・^ ),3天前发布,IP属地：湖南,6
pppp123sis,男,,已三连，求[脱单doge],4天前发布,IP属地：山西,5,松鼠爱吃饼干,男,源码资料的可以加UP主vx：Luren188764【源码、学习路线图、电子书、软件】都会分享,回复 @pppp123sis :同学你好呀，私信你了(｀・ω・´),4天前发布,IP属地：湖南,6
